<?xml version='1.0' encoding='UTF-8'?>
<l:dependencies xmlns:l='licenses' groupId='org.jenkins-ci.plugins' artifactId='credentials' version='1214.v1de940103927'><l:dependency name='Credentials Plugin' groupId='org.jenkins-ci.plugins' artifactId='credentials' version='1214.v1de940103927' url='https://github.com/jenkinsci/credentials-plugin/blob/master/docs/README.adoc'><l:description>This plugin allows you to store credentials in Jenkins.</l:description><l:license name='The MIT license' url='https://opensource.org/licenses/MIT'/></l:dependency><l:dependency name='ANTLR 4 Runtime' groupId='org.antlr' artifactId='antlr4-runtime' version='4.11.1' url='https://www.antlr.org/antlr4-runtime/'><l:description>The ANTLR 4 Runtime</l:description><l:license name='BSD-3-Clause' url='https://www.antlr.org/license.html'/></l:dependency></l:dependencies>