<?xml version='1.0' encoding='UTF-8'?>
<l:dependencies xmlns:l='licenses' groupId='io.jenkins.blueocean' artifactId='blueocean-pipeline-editor' version='1.27.1'><l:dependency name='Blue Ocean Pipeline Editor' groupId='io.jenkins.blueocean' artifactId='blueocean-pipeline-editor' version='1.27.1' url='https://github.com/jenkinsci/blueocean-plugin/blob/master/blueocean/doc/BlueOcean.adoc'><l:description>The Blue Ocean Pipeline Editor is the simplest way for anyone wanting to get started with creating Pipelines in Jenkins</l:description><l:license name='MIT License' url='https://opensource.org/licenses/MIT'/></l:dependency><l:dependency name='JOpt Simple' groupId='net.sf.jopt-simple' artifactId='jopt-simple' version='5.0.4' url='http://jopt-simple.github.io/jopt-simple'><l:description>A Java library for parsing command line options</l:description><l:license name='The MIT License' url='http://www.opensource.org/licenses/mit-license.php'/></l:dependency><l:dependency name='Okio' groupId='com.squareup.okio' artifactId='okio' version='1.15.0' url='https://github.com/square/okio/okio'><l:description>A modern I/O API for Java</l:description><l:license name='Apache 2.0' url='http://www.apache.org/licenses/LICENSE-2.0.txt'/></l:dependency><l:dependency name='OkHttp' groupId='com.squareup.okhttp3' artifactId='okhttp' version='3.12.12' url='https://github.com/square/okhttp/okhttp'><l:description>An HTTP+HTTP/2 client for Android and Java applications</l:description><l:license name='Apache 2.0' url='http://www.apache.org/licenses/LICENSE-2.0.txt'/></l:dependency></l:dependencies>