<?xml version='1.0' encoding='UTF-8'?>
<l:dependencies xmlns:l='licenses' groupId='org.jenkins-ci.plugins' artifactId='cloudbees-bitbucket-branch-source' version='791.vb_eea_a_476405b'><l:dependency name='Bitbucket Branch Source Plugin' groupId='org.jenkins-ci.plugins' artifactId='cloudbees-bitbucket-branch-source' version='791.vb_eea_a_476405b' url='https://github.com/jenkinsci/bitbucket-branch-source-plugin'><l:description>Discover and build Bitbucket Cloud and Bitbucket Server pull requests and branches and send status
    notifications with the build result.</l:description><l:license name='MIT License' url='https://opensource.org/licenses/MIT'/></l:dependency><l:dependency name='Jakarta Mail API' groupId='io.jenkins.plugins' artifactId='jakarta-mail-api' version='2.0.1-1' url='https://github.com/jenkinsci/jakarta-mail-api-plugin'><l:description>Plugin providing the Jakarta Mail API for other plugins</l:description><l:license name='EPL-2.0' url='https://opensource.org/licenses/EPL-2.0'/></l:dependency><l:dependency name='JSON in Java' groupId='org.json' artifactId='json' version='20220320' url='https://github.com/douglascrockford/JSON-java'><l:description>JSON is a light-weight, language independent, data interchange format.
        See http://www.JSON.org/

        The files in this package implement JSON encoders/decoders in Java.
        It also includes the capability to convert between JSON and XML, HTTP
        headers, Cookies, and CDL.

        This is a reference implementation. There is a large number of JSON packages
        in Java. Perhaps someday the Java community will standardize on one. Until
        then, choose carefully.

        The license includes this restriction: "The software shall be used for good,
        not evil." If your conscience cannot live with that, then choose a different
        package.</l:description><l:license name='The JSON License' url='http://json.org/license.html'/></l:dependency><l:dependency name='Scribe OAuth Library' groupId='org.scribe' artifactId='scribe' version='1.3.3' url='http://github.com/fernandezpablo85/scribe-java'><l:description>The best OAuth library out there</l:description><l:license name='MIT' url='http://github.com/fernandezpablo85/scribe-java/blob/master/LICENSE.txt'/></l:dependency><l:dependency name='Jakarta Activation API' groupId='io.jenkins.plugins' artifactId='jakarta-activation-api' version='2.0.1-1' url='https://github.com/jenkinsci/jakarta-activation-api-plugin'><l:description>Plugin providing the Jakarta Activation API for other plugins</l:description><l:license name='BSD-3-Clause' url='https://opensource.org/licenses/BSD-3-Clause'/></l:dependency><l:dependency name='Jakarta Mail API' groupId='com.sun.mail' artifactId='jakarta.mail' version='2.0.1' url='http://eclipse-ee4j.github.io/mail/jakarta.mail'><l:description>Jakarta Mail API</l:description><l:license name='EPL 2.0' url='http://www.eclipse.org/legal/epl-2.0'/><l:license name='GPL2 w/ CPE' url='https://www.gnu.org/software/classpath/license.html'/><l:license name='EDL 1.0' url='http://www.eclipse.org/org/documents/edl-v10.php'/></l:dependency><l:dependency name='Jakarta Activation' groupId='com.sun.activation' artifactId='jakarta.activation' version='2.0.1' url='https://github.com/eclipse-ee4j/jaf/jakarta.activation'><l:description>Jakarta Activation</l:description><l:license name='EDL 1.0' url='http://www.eclipse.org/org/documents/edl-v10.php'/></l:dependency><l:dependency name='Caffeine API Plugin' groupId='io.jenkins.plugins' artifactId='caffeine-api' version='2.9.3-65.v6a_47d0f4d1fe' url='https://github.com/jenkinsci/caffeine-api-plugin'><l:description>Jenkins plugin that packages Caffeine for use by other plugins.</l:description><l:license name='Apache License v2' url='https://www.apache.org/licenses/LICENSE-2.0.txt'/></l:dependency><l:dependency name='Caffeine cache' groupId='com.github.ben-manes.caffeine' artifactId='caffeine' version='2.9.3' url='https://github.com/ben-manes/caffeine'><l:description>A high performance caching library</l:description><l:license name='Apache License, Version 2.0' url='https://www.apache.org/licenses/LICENSE-2.0.txt'/></l:dependency></l:dependencies>