<?xml version='1.0' encoding='UTF-8'?>
<l:dependencies xmlns:l='licenses' groupId='org.jenkins-ci.plugins' artifactId='mailer' version='448.v5b_97805e3767'><l:dependency name='Jenkins Mailer Plugin' groupId='org.jenkins-ci.plugins' artifactId='mailer' version='448.v5b_97805e3767' url='https://github.com/jenkinsci/mailer-plugin'><l:description>The Jenkins Plugins Parent POM Project</l:description><l:license name='The MIT license' url='https://opensource.org/licenses/MIT'/></l:dependency><l:dependency name='Jakarta Mail API' groupId='com.sun.mail' artifactId='jakarta.mail' version='2.0.0' url='http://eclipse-ee4j.github.io/mail/jakarta.mail'><l:description>Jakarta Mail API</l:description><l:license name='EPL 2.0' url='http://www.eclipse.org/legal/epl-2.0'/><l:license name='GPL2 w/ CPE' url='https://www.gnu.org/software/classpath/license.html'/><l:license name='EDL 1.0' url='http://www.eclipse.org/org/documents/edl-v10.php'/></l:dependency><l:dependency name='Jakarta Activation' groupId='com.sun.activation' artifactId='jakarta.activation' version='2.0.0' url='https://github.com/eclipse-ee4j/jaf/jakarta.activation'><l:description>Jakarta Activation</l:description><l:license name='EDL 1.0' url='http://www.eclipse.org/org/documents/edl-v10.php'/></l:dependency></l:dependencies>