<?xml version='1.0' encoding='UTF-8'?>
<l:dependencies xmlns:l='licenses' groupId='org.jenkins-ci.plugins.workflow' artifactId='workflow-cps' version='3618.v13db_a_21f0fcf'><l:dependency name='Pipeline: Groovy' groupId='org.jenkins-ci.plugins.workflow' artifactId='workflow-cps' version='3618.v13db_a_21f0fcf' url='https://github.com/jenkinsci/workflow-cps-plugin'><l:description>The Jenkins Plugins Parent POM Project</l:description><l:license name='MIT License' url='https://opensource.org/licenses/MIT'/></l:dependency><l:dependency name='Jackson datatype: org.json' groupId='com.fasterxml.jackson.datatype' artifactId='jackson-datatype-json-org' version='2.13.4' url='http://github.com/FasterXML/jackson-datatypes-misc'><l:description>Support for datatypes of "org.json" JSON library (see http://json.org/java),
mainly to make it easier to upgrade code to Jackson, using automated conversions.</l:description><l:license name='The Apache Software License, Version 2.0' url='http://www.apache.org/licenses/LICENSE-2.0.txt'/></l:dependency><l:dependency name='jaxb-api' groupId='javax.xml.bind' artifactId='jaxb-api' version='2.3.1' url='https://github.com/javaee/jaxb-spec/jaxb-api'><l:description>JAXB (JSR 222) API</l:description><l:license name='CDDL 1.1' url='https://oss.oracle.com/licenses/CDDL+GPL-1.1'/><l:license name='GPL2 w/ CPE' url='https://oss.oracle.com/licenses/CDDL+GPL-1.1'/></l:dependency><l:dependency name='JavaBeans Activation Framework (JAF) API' groupId='io.jenkins.plugins' artifactId='javax-activation-api' version='1.2.0-5' url='https://github.com/jenkinsci/javax-activation-api-plugin'><l:description>Plugin providing the JavaBeans Activation Framework (JAF) API for other plugins</l:description><l:license name='CDDL-1.1' url='https://spdx.org/licenses/CDDL-1.1.html'/></l:dependency><l:dependency name='Groovy CPS Execution' groupId='com.cloudbees' artifactId='groovy-cps' version='3618.v13db_a_21f0fcf' url='https://github.com/jenkinsci/workflow-cps-plugin/groovy-cps'><l:description>The Jenkins Plugins Parent POM Project</l:description><l:license name='The Apache Software License, Version 2.0' url='http://www.apache.org/licenses/LICENSE-2.0.txt'/></l:dependency><l:dependency name='Jackson datatype: JSR310' groupId='com.fasterxml.jackson.datatype' artifactId='jackson-datatype-jsr310' version='2.13.4' url='https://github.com/FasterXML/jackson-modules-java8/jackson-datatype-jsr310'><l:description>Add-on module to support JSR-310 (Java 8 Date &amp; Time API) data types.</l:description><l:license name='The Apache Software License, Version 2.0' url='http://www.apache.org/licenses/LICENSE-2.0.txt'/></l:dependency><l:dependency name='Jackson-dataformat-XML' groupId='com.fasterxml.jackson.dataformat' artifactId='jackson-dataformat-xml' version='2.13.4' url='https://github.com/FasterXML/jackson-dataformat-xml'><l:description>Data format extension for Jackson to offer
alternative support for serializing POJOs as XML and deserializing XML as pojos.</l:description><l:license name='The Apache Software License, Version 2.0' url='http://www.apache.org/licenses/LICENSE-2.0.txt'/></l:dependency><l:dependency name='JAXB plugin' groupId='io.jenkins.plugins' artifactId='jaxb' version='2.3.7-1' url='https://github.com/jenkinsci/jaxb-plugin'><l:description>Detached packaging for JAXB for more transparent Java 9+ compatibility</l:description><l:license name='MIT' url='https://opensource.org/licenses/MIT'/></l:dependency><l:dependency name='jackson-databind' groupId='com.fasterxml.jackson.core' artifactId='jackson-databind' version='2.13.4.2' url='http://github.com/FasterXML/jackson'><l:description>General data-binding functionality for Jackson: works on core streaming API</l:description><l:license name='The Apache Software License, Version 2.0' url='http://www.apache.org/licenses/LICENSE-2.0.txt'/></l:dependency><l:dependency name='SnakeYAML API Plugin' groupId='io.jenkins.plugins' artifactId='snakeyaml-api' version='1.33-90.v80dcb_3814d35' url='https://github.com/jenkinsci/snakeyaml-api-plugin'><l:description>This plugin packages stock SnakeYAML library</l:description><l:license name='The MIT License (MIT)' url='https://opensource.org/licenses/MIT'/></l:dependency><l:dependency name='JavaBeans Activation Framework' groupId='com.sun.activation' artifactId='javax.activation' version='1.2.0' url='http://java.net/all/javax.activation/'><l:description>JavaBeans Activation Framework</l:description><l:license name='CDDL/GPLv2+CE' url='https://github.com/javaee/activation/blob/master/LICENSE.txt'/></l:dependency><l:dependency name='Woodstox' groupId='com.fasterxml.woodstox' artifactId='woodstox-core' version='6.3.1' url='https://github.com/FasterXML/woodstox'><l:description>Woodstox is a high-performance XML processor that implements Stax (JSR-173),
SAX2 and Stax2 APIs</l:description><l:license name='The Apache License, Version 2.0' url='http://www.apache.org/licenses/LICENSE-2.0.txt'/></l:dependency><l:dependency name='JSON in Java' groupId='org.json' artifactId='json' version='20190722' url='https://github.com/douglascrockford/JSON-java'><l:description>JSON is a light-weight, language independent, data interchange format.
		See http://www.JSON.org/

		The files in this package implement JSON encoders/decoders in Java.
		It also includes the capability to convert between JSON and XML, HTTP
		headers, Cookies, and CDL.

		This is a reference implementation. There is a large number of JSON packages
		in Java. Perhaps someday the Java community will standardize on one. Until
		then, choose carefully.

		The license includes this restriction: "The software shall be used for good,
		not evil." If your conscience cannot live with that, then choose a different
		package.</l:description><l:license name='The JSON License' url='http://json.org/license.html'/></l:dependency><l:dependency name='Jackson-dataformat-YAML' groupId='com.fasterxml.jackson.dataformat' artifactId='jackson-dataformat-yaml' version='2.13.4' url='https://github.com/FasterXML/jackson-dataformats-text'><l:description>Support for reading and writing YAML-encoded data via Jackson abstractions.</l:description><l:license name='The Apache Software License, Version 2.0' url='http://www.apache.org/licenses/LICENSE-2.0.txt'/></l:dependency><l:dependency name='Jackson-module-parameter-names' groupId='com.fasterxml.jackson.module' artifactId='jackson-module-parameter-names' version='2.13.4' url='https://github.com/FasterXML/jackson-modules-java8/jackson-module-parameter-names'><l:description>Add-on module for Jackson (http://jackson.codehaus.org) to support
introspection of method/constructor parameter names, without having to add explicit property name annotation.</l:description><l:license name='The Apache Software License, Version 2.0' url='http://www.apache.org/licenses/LICENSE-2.0.txt'/></l:dependency><l:dependency name='Jackson datatype: jdk8' groupId='com.fasterxml.jackson.datatype' artifactId='jackson-datatype-jdk8' version='2.13.4' url='https://github.com/FasterXML/jackson-modules-java8/jackson-datatype-jdk8'><l:description>Add-on module for Jackson (http://jackson.codehaus.org) to support
JDK 8 data types.</l:description><l:license name='The Apache Software License, Version 2.0' url='http://www.apache.org/licenses/LICENSE-2.0.txt'/></l:dependency><l:dependency name='Jackson 2 API Plugin' groupId='org.jenkins-ci.plugins' artifactId='jackson2-api' version='2.13.4.20221013-295.v8e29ea_354141' url='https://github.com/jenkinsci/jackson2-api-plugin'><l:description>This plugin exposes the Jackson 2 JSON APIs to other Jenkins plugins.</l:description><l:license name='The Apache Software License, Version 2.0' url='https://www.apache.org/licenses/LICENSE-2.0.txt'/></l:dependency><l:dependency name='Jackson-annotations' groupId='com.fasterxml.jackson.core' artifactId='jackson-annotations' version='2.13.4' url='http://github.com/FasterXML/jackson'><l:description>Core annotations used for value types, used by Jackson data binding package.</l:description><l:license name='The Apache Software License, Version 2.0' url='http://www.apache.org/licenses/LICENSE-2.0.txt'/></l:dependency><l:dependency name='Jackson-core' groupId='com.fasterxml.jackson.core' artifactId='jackson-core' version='2.13.4' url='https://github.com/FasterXML/jackson-core'><l:description>Core Jackson processing abstractions (aka Streaming API), implementation for JSON</l:description><l:license name='The Apache Software License, Version 2.0' url='http://www.apache.org/licenses/LICENSE-2.0.txt'/></l:dependency><l:dependency name='Jackson dataformat: CBOR' groupId='com.fasterxml.jackson.dataformat' artifactId='jackson-dataformat-cbor' version='2.13.4' url='http://github.com/FasterXML/jackson-dataformats-binary'><l:description>Support for reading and writing Concise Binary Object Representation
([CBOR](https://www.rfc-editor.org/info/rfc7049)
encoded data using Jackson abstractions (streaming API, data binding, tree model)</l:description><l:license name='The Apache Software License, Version 2.0' url='http://www.apache.org/licenses/LICENSE-2.0.txt'/></l:dependency><l:dependency name='Pure Java implementation of diff/patch' groupId='com.cloudbees' artifactId='diff4j' version='1.3' url='https://github.com/cloudbees/cloudbees-oss-parent/diff4j'><l:description>Repackaged the code from NetBeans</l:description><l:license name='CDDL/GPLv2 dual license' url='http://www.opensource.org/licenses/cddl1.php'/></l:dependency><l:dependency name='Stax2 API' groupId='org.codehaus.woodstox' artifactId='stax2-api' version='4.2.1' url='http://github.com/FasterXML/stax2-api'><l:description>tax2 API is an extension to basic Stax 1.0 API that adds significant new functionality, such as full-featured bi-direction validation interface and high-performance Typed Access API.</l:description><l:license name='The BSD License' url='http://www.opensource.org/licenses/bsd-license.php'/></l:dependency><l:dependency name='Jackson module: Old JAXB Annotations (javax.xml.bind)' groupId='com.fasterxml.jackson.module' artifactId='jackson-module-jaxb-annotations' version='2.13.4' url='https://github.com/FasterXML/jackson-modules-base'><l:description>Support for using JAXB annotations as an alternative to "native" Jackson annotations,
for configuring data-binding.</l:description><l:license name='The Apache Software License, Version 2.0' url='http://www.apache.org/licenses/LICENSE-2.0.txt'/></l:dependency><l:dependency name='Old JAXB Runtime' groupId='com.sun.xml.bind' artifactId='jaxb-impl' version='2.3.7' url='https://eclipse-ee4j.github.io/jaxb-ri/'><l:description>Old JAXB Runtime module. Contains sources required for runtime processing.</l:description><l:license name='Eclipse Distribution License - v 1.0' url='http://www.eclipse.org/org/documents/edl-v10.php'/></l:dependency><l:dependency name='SnakeYAML' groupId='org.yaml' artifactId='snakeyaml' version='1.33' url='https://bitbucket.org/snakeyaml/snakeyaml'><l:description>YAML 1.1 parser and emitter for Java</l:description><l:license name='Apache License, Version 2.0' url='http://www.apache.org/licenses/LICENSE-2.0.txt'/></l:dependency></l:dependencies>