<?xml version='1.0' encoding='UTF-8'?>
<l:dependencies xmlns:l='licenses' groupId='org.jenkins-ci.plugins' artifactId='email-ext' version='2.93'><l:dependency name='Email Extension Plugin' groupId='org.jenkins-ci.plugins' artifactId='email-ext' version='2.93' url='https://github.com/jenkinsci/email-ext-plugin'><l:description>Allows to configure every aspect of email notifications: when an email is sent, who should receive it and what the email says</l:description><l:license name='The MIT License (MIT)' url='https://opensource.org/licenses/MIT'/></l:dependency><l:dependency name='Jakarta Mail API' groupId='com.sun.mail' artifactId='jakarta.mail' version='2.0.0' url='http://eclipse-ee4j.github.io/mail/jakarta.mail'><l:description>Jakarta Mail API</l:description><l:license name='EPL 2.0' url='http://www.eclipse.org/legal/epl-2.0'/><l:license name='GPL2 w/ CPE' url='https://www.gnu.org/software/classpath/license.html'/><l:license name='EDL 1.0' url='http://www.eclipse.org/org/documents/edl-v10.php'/></l:dependency><l:dependency name='Jericho HTML Parser' groupId='net.htmlparser.jericho' artifactId='jericho-html' version='3.4' url='http://jericho.htmlparser.net'><l:description>Jericho HTML Parser is a java library allowing analysis and manipulation of parts of an HTML document, including server-side tags, while reproducing verbatim any unrecognised or invalid HTML.</l:description><l:license name='GNU Lesser General Public License (LGPL)' url='http://www.gnu.org/licenses/lgpl.txt'/><l:license name='Apache License' url='http://www.apache.org/licenses/'/><l:license name='Eclipse Public License (EPL)' url='http://www.eclipse.org/legal/epl-v10.html'/></l:dependency><l:dependency name='commons-text API Plugin' groupId='io.jenkins.plugins' artifactId='commons-text-api' version='1.10.0-27.vb_fa_3896786a_7' url='https://github.com/jenkinsci/commons-text-api-plugin'><l:description>Jenkins Api Plugin to provide org.apache.commons:commons-text:1.10.0.</l:description><l:license name='Apache-2.0' url='https://opensource.org/licenses/Apache-2.0'/></l:dependency><l:dependency name='jsoup Java HTML Parser' groupId='org.jsoup' artifactId='jsoup' version='1.15.3' url='https://jsoup.org/'><l:description>jsoup is a Java library for working with real-world HTML. It provides a very convenient API for fetching URLs and extracting and manipulating data, using the best of HTML5 DOM methods and CSS selectors. jsoup implements the WHATWG HTML5 specification, and parses HTML to the same DOM as modern browsers do.</l:description><l:license name='The MIT License' url='https://jsoup.org/license'/></l:dependency><l:dependency name='Apache Commons Text' groupId='org.apache.commons' artifactId='commons-text' version='1.10.0' url='https://commons.apache.org/proper/commons-text'><l:description>Apache Commons Text is a library focused on algorithms working on strings.</l:description><l:license name='Apache License, Version 2.0' url='https://www.apache.org/licenses/LICENSE-2.0.txt'/></l:dependency><l:dependency name='JSON in Java' groupId='org.json' artifactId='json' version='20220320' url='https://github.com/douglascrockford/JSON-java'><l:description>JSON is a light-weight, language independent, data interchange format.
        See http://www.JSON.org/

        The files in this package implement JSON encoders/decoders in Java.
        It also includes the capability to convert between JSON and XML, HTTP
        headers, Cookies, and CDL.

        This is a reference implementation. There is a large number of JSON packages
        in Java. Perhaps someday the Java community will standardize on one. Until
        then, choose carefully.

        The license includes this restriction: "The software shall be used for good,
        not evil." If your conscience cannot live with that, then choose a different
        package.</l:description><l:license name='The JSON License' url='http://json.org/license.html'/></l:dependency><l:dependency name='Jakarta Activation' groupId='com.sun.activation' artifactId='jakarta.activation' version='2.0.0' url='https://github.com/eclipse-ee4j/jaf/jakarta.activation'><l:description>Jakarta Activation</l:description><l:license name='EDL 1.0' url='http://www.eclipse.org/org/documents/edl-v10.php'/></l:dependency><l:dependency name='Caffeine API Plugin' groupId='io.jenkins.plugins' artifactId='caffeine-api' version='2.9.3-65.v6a_47d0f4d1fe' url='https://github.com/jenkinsci/caffeine-api-plugin'><l:description>Jenkins plugin that packages Caffeine for use by other plugins.</l:description><l:license name='Apache License v2' url='https://www.apache.org/licenses/LICENSE-2.0.txt'/></l:dependency><l:dependency name='Caffeine cache' groupId='com.github.ben-manes.caffeine' artifactId='caffeine' version='2.9.3' url='https://github.com/ben-manes/caffeine'><l:description>A high performance caching library</l:description><l:license name='Apache License, Version 2.0' url='https://www.apache.org/licenses/LICENSE-2.0.txt'/></l:dependency></l:dependencies>