<?xml version='1.0' encoding='UTF-8'?>
<l:dependencies xmlns:l='licenses' groupId='io.jenkins.plugins' artifactId='localization-support' version='1.2'><l:dependency name='Localization Support Plugin' groupId='io.jenkins.plugins' artifactId='localization-support' version='1.2' url='https://github.com/jenkinsci/localization-support-plugin'><l:description>The Jenkins Plugins Parent POM Project</l:description><l:license name='MIT License' url='https://opensource.org/licenses/MIT'/></l:dependency><l:dependency name='META-INF/services generator' groupId='org.kohsuke.metainf-services' artifactId='metainf-services' version='1.7' url='http://metainf-services.kohsuke.org/'><l:description>Annotation-driven META-INF/services auto-generation</l:description><l:license name='MIT license' url='http://www.opensource.org/licenses/mit-license.php'/></l:dependency></l:dependencies>