<?xml version='1.0' encoding='UTF-8'?>
<l:dependencies xmlns:l='licenses' groupId='io.jenkins.blueocean' artifactId='blueocean-pipeline-api-impl' version='1.27.1'><l:dependency name='Pipeline implementation for Blue Ocean' groupId='io.jenkins.blueocean' artifactId='blueocean-pipeline-api-impl' version='1.27.1' url='https://github.com/jenkinsci/blueocean-plugin/blob/master/blueocean/doc/BlueOcean.adoc'><l:description>The Jenkins Plugins Parent POM Project</l:description><l:license name='MIT License' url='https://opensource.org/licenses/MIT'/></l:dependency><l:dependency name='JOpt Simple' groupId='net.sf.jopt-simple' artifactId='jopt-simple' version='5.0.4' url='http://jopt-simple.github.io/jopt-simple'><l:description>A Java library for parsing command line options</l:description><l:license name='The MIT License' url='http://www.opensource.org/licenses/mit-license.php'/></l:dependency><l:dependency name='Jakarta Activation' groupId='com.sun.activation' artifactId='jakarta.activation' version='2.0.1' url='https://github.com/eclipse-ee4j/jaf/jakarta.activation'><l:description>Jakarta Activation</l:description><l:license name='EDL 1.0' url='http://www.eclipse.org/org/documents/edl-v10.php'/></l:dependency><l:dependency name='Jakarta Activation API' groupId='io.jenkins.plugins' artifactId='jakarta-activation-api' version='2.0.1-2' url='https://github.com/jenkinsci/jakarta-activation-api-plugin'><l:description>Plugin providing the Jakarta Activation API for other plugins</l:description><l:license name='BSD-3-Clause' url='https://opensource.org/licenses/BSD-3-Clause'/></l:dependency><l:dependency name='Jakarta Mail API' groupId='com.sun.mail' artifactId='jakarta.mail' version='2.0.1' url='http://eclipse-ee4j.github.io/mail/jakarta.mail'><l:description>Jakarta Mail API</l:description><l:license name='EPL 2.0' url='http://www.eclipse.org/legal/epl-2.0'/><l:license name='GPL2 w/ CPE' url='https://www.gnu.org/software/classpath/license.html'/><l:license name='EDL 1.0' url='http://www.eclipse.org/org/documents/edl-v10.php'/></l:dependency><l:dependency name='Jakarta Mail API' groupId='io.jenkins.plugins' artifactId='jakarta-mail-api' version='2.0.1-2' url='https://github.com/jenkinsci/jakarta-mail-api-plugin'><l:description>Plugin providing the Jakarta Mail API for other plugins</l:description><l:license name='EPL-2.0' url='https://opensource.org/licenses/EPL-2.0'/></l:dependency></l:dependencies>