<?xml version='1.0' encoding='UTF-8'?>
<l:dependencies xmlns:l='licenses' groupId='io.jenkins.blueocean' artifactId='blueocean-rest-impl' version='1.27.1'><l:dependency name='REST Implementation for Blue Ocean' groupId='io.jenkins.blueocean' artifactId='blueocean-rest-impl' version='1.27.1' url='https://github.com/jenkinsci/blueocean-plugin/blob/master/blueocean/doc/BlueOcean.adoc'><l:description>The Jenkins Plugins Parent POM Project</l:description><l:license name='MIT License' url='https://opensource.org/licenses/MIT'/></l:dependency><l:dependency name='Keen API in Java' groupId='io.keen' artifactId='keen-client-api-java' version='5.6.0' url='www.keen.io'><l:description>Java Client API for Keen</l:description><l:license name='The Apache Software License, Version 2.0' url='http://www.apache.org/licenses/LICENSE-2.0.txt'/></l:dependency><l:dependency name='Script Security Plugin' groupId='org.jenkins-ci.plugins' artifactId='script-security' version='1228.vd93135a_2fb_25' url='https://github.com/jenkinsci/script-security-plugin'><l:description>Allows Jenkins administrators to control what in-process scripts can be run by less-privileged users.</l:description><l:license name='MIT License' url='https://opensource.org/licenses/MIT'/></l:dependency><l:dependency name='User Agent Parser for Java' groupId='com.github.ua-parser' artifactId='uap-java' version='1.5.2' url='https://github.com/ua-parser/uap-java'><l:description>Java implementation of the UA Parser library. Derives operating system, browser and device
  	metadata from a user-agent string. This library consumes the regular expression
  	rules defined in https://github.com/ua-parser/uap-core.</l:description><l:license name='The Apache License, Version 2.0' url='http://www.apache.org/licenses/LICENSE-2.0.txt'/></l:dependency><l:dependency name='Apache Commons Collections' groupId='org.apache.commons' artifactId='commons-collections4' version='4.1' url='http://commons.apache.org/proper/commons-collections/'><l:description>The Apache Commons Collections package contains types that extend and augment the Java Collections Framework.</l:description><l:license name='Apache License, Version 2.0' url='http://www.apache.org/licenses/LICENSE-2.0.txt'/></l:dependency><l:dependency name='Byte Buddy (without dependencies)' groupId='net.bytebuddy' artifactId='byte-buddy' version='1.12.13' url='https://bytebuddy.net/byte-buddy'><l:description>Byte Buddy is a Java library for creating Java classes at run time.
        This artifact is a build of Byte Buddy with all ASM dependencies repackaged into its own name space.</l:description><l:license name='Apache License, Version 2.0' url='https://www.apache.org/licenses/LICENSE-2.0.txt'/></l:dependency><l:dependency name='mockito-core' groupId='org.mockito' artifactId='mockito-core' version='4.7.0' url='https://github.com/mockito/mockito'><l:description>Mockito mock objects library core API and implementation</l:description><l:license name='The MIT License' url='https://github.com/mockito/mockito/blob/main/LICENSE'/></l:dependency><l:dependency name='Objenesis' groupId='org.objenesis' artifactId='objenesis' version='3.2' url='http://objenesis.org/objenesis'><l:description>A library for instantiating Java objects</l:description><l:license name='Apache License, Version 2.0' url='http://www.apache.org/licenses/LICENSE-2.0.txt'/></l:dependency><l:dependency name='Groovy Sandbox' groupId='org.kohsuke' artifactId='groovy-sandbox' version='1.32' url='https://github.com/jenkinsci/groovy-sandbox'><l:description>Executes untrusted Groovy script safely</l:description><l:license name='MIT License' url='https://opensource.org/licenses/MIT'/></l:dependency><l:dependency name='Byte Buddy agent' groupId='net.bytebuddy' artifactId='byte-buddy-agent' version='1.12.13' url='https://bytebuddy.net/byte-buddy-agent'><l:description>The Byte Buddy agent offers convenience for attaching an agent to the local or a remote VM.</l:description><l:license name='Apache License, Version 2.0' url='https://www.apache.org/licenses/LICENSE-2.0.txt'/></l:dependency><l:dependency name='Caffeine API Plugin' groupId='io.jenkins.plugins' artifactId='caffeine-api' version='2.9.3-65.v6a_47d0f4d1fe' url='https://github.com/jenkinsci/caffeine-api-plugin'><l:description>Jenkins plugin that packages Caffeine for use by other plugins.</l:description><l:license name='Apache License v2' url='https://www.apache.org/licenses/LICENSE-2.0.txt'/></l:dependency><l:dependency name='oro' groupId='oro' artifactId='oro' version='2.0.8' url=''><l:description/></l:dependency><l:dependency name='Keen Java Core Library' groupId='io.keen' artifactId='keen-client-java-core' version='5.6.0' url='www.keen.io'><l:description>Java Client Core Library for Keen</l:description><l:license name='The Apache Software License, Version 2.0' url='http://www.apache.org/licenses/LICENSE-2.0.txt'/></l:dependency><l:dependency name='Caffeine cache' groupId='com.github.ben-manes.caffeine' artifactId='caffeine' version='2.9.3' url='https://github.com/ben-manes/caffeine'><l:description>A high performance caching library</l:description><l:license name='Apache License, Version 2.0' url='https://www.apache.org/licenses/LICENSE-2.0.txt'/></l:dependency></l:dependencies>