<?xml version='1.0' encoding='UTF-8'?>
<l:dependencies xmlns:l='licenses' groupId='io.jenkins.plugins.mina-sshd-api' artifactId='mina-sshd-api-core' version='2.9.2-50.va_0e1f42659a_a'><l:dependency name='Mina SSHD API :: Core' groupId='io.jenkins.plugins.mina-sshd-api' artifactId='mina-sshd-api-core' version='2.9.2-50.va_0e1f42659a_a' url='https://github.com/jenkinsci/mina-sshd-api-plugin'><l:description>This plugin provides the Apache Mina SSHD Core library to plugins.</l:description><l:license name='The MIT license' url='https://opensource.org/licenses/MIT'/></l:dependency><l:dependency name='Apache Mina SSHD :: Core' groupId='org.apache.sshd' artifactId='sshd-core' version='2.9.2' url='https://www.apache.org/sshd/sshd-core/'><l:description>The Apache Software Foundation provides support for the Apache community of open-source software projects.
    The Apache projects are characterized by a collaborative, consensus based development process, an open and
    pragmatic software license, and a desire to create high quality software that leads the way in its field.
    We consider ourselves not simply a group of projects sharing a server, but rather a community of developers
    and users.</l:description><l:license name='Apache 2.0 License' url='https://www.apache.org/licenses/LICENSE-2.0'/></l:dependency></l:dependencies>