<?xml version='1.0' encoding='UTF-8'?>
<l:dependencies xmlns:l='licenses' groupId='io.jenkins.blueocean' artifactId='blueocean-jwt' version='1.27.1'><l:dependency name='JWT for Blue Ocean' groupId='io.jenkins.blueocean' artifactId='blueocean-jwt' version='1.27.1' url='https://github.com/jenkinsci/blueocean-plugin/blob/master/blueocean/doc/BlueOcean.adoc'><l:description>The Jenkins Plugins Parent POM Project</l:description><l:license name='MIT License' url='https://opensource.org/licenses/MIT'/></l:dependency><l:dependency name='jose4j' groupId='org.bitbucket.b_c' artifactId='jose4j' version='0.7.7' url='https://bitbucket.org/b_c/jose4j/'><l:description>The jose.4.j library is a robust and easy to use open source implementation of JSON Web Token (JWT) and the JOSE specification suite (JWS, JWE, and JWK).
     It is written in Java and relies solely on the JCA APIs for cryptography.
     Please see https://bitbucket.org/b_c/jose4j/wiki/Home for more info, examples, etc..</l:description><l:license name='The Apache Software License, Version 2.0' url='http://www.apache.org/licenses/LICENSE-2.0.txt'/></l:dependency></l:dependencies>