<?xml version="1.0" encoding="UTF-8"?>
<l:dependencies xmlns:l='licenses' groupId='org.jenkins-ci.plugins' artifactId='blueocean-display-url' version='2.4.1'><l:dependency name='Display URL for Blue Ocean' groupId='org.jenkins-ci.plugins' artifactId='blueocean-display-url' version='2.4.1' url='https://github.com/jenkinsci/blueocean-display-url-plugin'><l:description>Provides an implementation of the display url plugin for BlueOcean URLs</l:description><l:license name='MIT License' url='http://opensource.org/licenses/MIT'/></l:dependency><l:dependency name='Groovy CPS Execution' groupId='com.cloudbees' artifactId='groovy-cps' version='1.32' url='https://github.com/cloudbees/cloudbees-oss-parent/groovy-cps-parent/groovy-cps'><l:description>The CloudBees OSS Parent Project</l:description><l:license name='The Apache Software License, Version 2.0' url='http://www.apache.org/licenses/LICENSE-2.0.txt'/></l:dependency><l:dependency name='asm' groupId='org.ow2.asm' artifactId='asm' version='9.0' url='http://asm.ow2.io/'><l:description>ASM, a very small and fast Java bytecode manipulation framework</l:description><l:license name='BSD-3-Clause' url='https://asm.ow2.io/license.html'/></l:dependency><l:dependency name='Annotation Indexer' groupId='org.jenkins-ci' artifactId='annotation-indexer' version='1.12' url='http://jenkins-ci.org/annotation-indexer/'><l:description>Creates index of annotations.</l:description><l:license name='MIT License' url='http://jenkins-ci.org/mit-license'/></l:dependency><l:dependency name='JavaScript GUI Lib: ACE Editor bundle plugin' groupId='org.jenkins-ci.ui' artifactId='ace-editor' version='1.1' url='https://wiki.jenkins-ci.org/display/JENKINS/ACE+Editor+Plugin'><l:description/><l:license name='MIT License' url='http://opensource.org/licenses/MIT'/></l:dependency><l:dependency name='Pure Java implementation of diff/patch' groupId='com.cloudbees' artifactId='diff4j' version='1.3' url='https://github.com/cloudbees/cloudbees-oss-parent/diff4j'><l:description>Repackaged the code from NetBeans</l:description><l:license name='CDDL/GPLv2 dual license' url='http://www.opensource.org/licenses/cddl1.php'/></l:dependency><l:dependency name='SnakeYAML' groupId='org.yaml' artifactId='snakeyaml' version='1.10' url='http://www.snakeyaml.org'><l:description>YAML 1.1 parser and emitter for Java</l:description><l:license name='Apache License Version 2.0' url='LICENSE.txt'/></l:dependency><l:dependency name='Apache Commons Codec' groupId='commons-codec' artifactId='commons-codec' version='1.15' url='https://commons.apache.org/proper/commons-codec/'><l:description>The Apache Commons Codec package contains simple encoder and decoders for
     various formats such as Base64 and Hexadecimal.  In addition to these
     widely used encoders and decoders, the codec package also maintains a
     collection of phonetic encoding utilities.</l:description><l:license name='Apache License, Version 2.0' url='https://www.apache.org/licenses/LICENSE-2.0.txt'/></l:dependency><l:dependency name='asm-util' groupId='org.ow2.asm' artifactId='asm-util' version='9.0' url='http://asm.ow2.io/'><l:description>Utilities for ASM, a very small and fast Java bytecode manipulation framework</l:description><l:license name='BSD-3-Clause' url='https://asm.ow2.io/license.html'/></l:dependency><l:dependency name='asm-tree' groupId='org.ow2.asm' artifactId='asm-tree' version='9.0' url='http://asm.ow2.io/'><l:description>Tree API of ASM, a very small and fast Java bytecode manipulation framework</l:description><l:license name='BSD-3-Clause' url='https://asm.ow2.io/license.html'/></l:dependency><l:dependency name='asm-analysis' groupId='org.ow2.asm' artifactId='asm-analysis' version='9.0' url='http://asm.ow2.io/'><l:description>Static code analysis API of ASM, a very small and fast Java bytecode manipulation framework</l:description><l:license name='BSD-3-Clause' url='https://asm.ow2.io/license.html'/></l:dependency><l:dependency name='Pipeline: Groovy' groupId='org.jenkins-ci.plugins.workflow' artifactId='workflow-cps' version='2.87' url='https://github.com/jenkinsci/workflow-cps-plugin'><l:description>The Jenkins Plugins Parent POM Project</l:description><l:license name='MIT License' url='https://opensource.org/licenses/MIT'/></l:dependency><l:dependency name='Folders Plugin' groupId='org.jenkins-ci.plugins' artifactId='cloudbees-folder' version='6.15' url='https://github.com/jenkinsci/cloudbees-folder-plugin/'><l:description>This plugin allows users to create "folders" to organize jobs. Users can define custom taxonomies (like
    by project type, organization type etc). Folders are nestable and you can define views within folders. Maintained by CloudBees, Inc.</l:description><l:license name='MIT' url='https://opensource.org/licenses/MIT'/></l:dependency></l:dependencies>