<?xml version='1.0' encoding='UTF-8'?>
<l:dependencies xmlns:l='licenses' groupId='io.jenkins.blueocean' artifactId='blueocean-github-pipeline' version='1.27.1'><l:dependency name='GitHub Pipeline for Blue Ocean' groupId='io.jenkins.blueocean' artifactId='blueocean-github-pipeline' version='1.27.1' url='https://github.com/jenkinsci/blueocean-plugin/blob/master/blueocean/doc/BlueOcean.adoc'><l:description>The Jenkins Plugins Parent POM Project</l:description><l:license name='MIT License' url='https://opensource.org/licenses/MIT'/></l:dependency><l:dependency name='JOpt Simple' groupId='net.sf.jopt-simple' artifactId='jopt-simple' version='5.0.4' url='http://jopt-simple.github.io/jopt-simple'><l:description>A Java library for parsing command line options</l:description><l:license name='The MIT License' url='http://www.opensource.org/licenses/mit-license.php'/></l:dependency></l:dependencies>