<?xml version='1.0' encoding='UTF-8'?>
<l:dependencies xmlns:l='licenses' groupId='io.jenkins.plugins' artifactId='okhttp-api' version='4.9.3-108.v0feda04578cf'><l:dependency name='OkHttp Plugin' groupId='io.jenkins.plugins' artifactId='okhttp-api' version='4.9.3-108.v0feda04578cf' url='https://github.com/jenkinsci/okhttp-api-plugin'><l:description>The Jenkins Plugins Parent POM Project</l:description><l:license name='The MIT License (MIT)' url='http://opensource.org/licenses/MIT'/></l:dependency><l:dependency name='org.jetbrains.kotlin:kotlin-stdlib-jdk8' groupId='org.jetbrains.kotlin' artifactId='kotlin-stdlib-jdk8' version='1.4.10' url='https://kotlinlang.org/'><l:description>Kotlin Standard Library JDK 8 extension</l:description><l:license name='The Apache License, Version 2.0' url='http://www.apache.org/licenses/LICENSE-2.0.txt'/></l:dependency><l:dependency name='Kotlin Stdlib' groupId='org.jetbrains.kotlin' artifactId='kotlin-stdlib' version='1.4.20' url='https://kotlinlang.org/'><l:description>Kotlin Standard Library for JVM</l:description><l:license name='The Apache License, Version 2.0' url='http://www.apache.org/licenses/LICENSE-2.0.txt'/></l:dependency><l:dependency name='Kotlin Stdlib Common' groupId='org.jetbrains.kotlin' artifactId='kotlin-stdlib-common' version='1.4.20' url='https://kotlinlang.org/'><l:description>Kotlin Common Standard Library</l:description><l:license name='The Apache License, Version 2.0' url='http://www.apache.org/licenses/LICENSE-2.0.txt'/></l:dependency><l:dependency name='okhttp' groupId='com.squareup.okhttp3' artifactId='okhttp' version='4.9.3' url='https://square.github.io/okhttp/'><l:description>Square’s meticulous HTTP client for Java and Kotlin.</l:description><l:license name='The Apache Software License, Version 2.0' url='http://www.apache.org/licenses/LICENSE-2.0.txt'/></l:dependency><l:dependency name='Okio' groupId='com.squareup.okio' artifactId='okio' version='2.10.0' url='https://github.com/square/okio/'><l:description>A modern I/O API for Java</l:description><l:license name='The Apache Software License, Version 2.0' url='http://www.apache.org/licenses/LICENSE-2.0.txt'/></l:dependency><l:dependency name='org.jetbrains.kotlin:kotlin-stdlib-jdk7' groupId='org.jetbrains.kotlin' artifactId='kotlin-stdlib-jdk7' version='1.4.10' url='https://kotlinlang.org/'><l:description>Kotlin Standard Library JDK 7 extension</l:description><l:license name='The Apache License, Version 2.0' url='http://www.apache.org/licenses/LICENSE-2.0.txt'/></l:dependency><l:dependency name='okhttp-logging-interceptor' groupId='com.squareup.okhttp3' artifactId='logging-interceptor' version='4.9.3' url='https://square.github.io/okhttp/'><l:description>Square’s meticulous HTTP client for Java and Kotlin.</l:description><l:license name='The Apache Software License, Version 2.0' url='http://www.apache.org/licenses/LICENSE-2.0.txt'/></l:dependency><l:dependency name='IntelliJ IDEA Annotations' groupId='org.jetbrains' artifactId='annotations' version='13.0' url='http://www.jetbrains.org'><l:description>A set of annotations used for code inspection support and code documentation.</l:description><l:license name='The Apache Software License, Version 2.0' url='http://www.apache.org/licenses/LICENSE-2.0.txt'/></l:dependency></l:dependencies>