<?xml version='1.0' encoding='UTF-8'?>
<l:dependencies xmlns:l='licenses' groupId='io.jenkins.blueocean' artifactId='blueocean-bitbucket-pipeline' version='1.27.1'><l:dependency name='Bitbucket Pipeline for Blue Ocean' groupId='io.jenkins.blueocean' artifactId='blueocean-bitbucket-pipeline' version='1.27.1' url='https://github.com/jenkinsci/blueocean-plugin/blob/master/blueocean/doc/BlueOcean.adoc'><l:description>The Jenkins Plugins Parent POM Project</l:description><l:license name='MIT License' url='https://opensource.org/licenses/MIT'/></l:dependency><l:dependency name='Blue Ocean Core JS' groupId='io.jenkins.blueocean' artifactId='blueocean-core-js' version='1.27.1' url='https://github.com/jenkinsci/blueocean-plugin/blob/master/blueocean/doc/BlueOcean.adoc'><l:description>The Jenkins Plugins Parent POM Project</l:description><l:license name='MIT License' url='https://opensource.org/licenses/MIT'/></l:dependency><l:dependency name='Bouncy Castle Provider' groupId='org.bouncycastle' artifactId='bcprov-jdk15on' version='1.70' url='https://www.bouncycastle.org/java.html'><l:description>The Bouncy Castle Crypto package is a Java implementation of cryptographic algorithms. This jar contains JCE provider and lightweight API for the Bouncy Castle Cryptography APIs for JDK 1.5 and up.</l:description><l:license name='Bouncy Castle Licence' url='https://www.bouncycastle.org/licence.html'/></l:dependency><l:dependency name='Checks API plugin' groupId='io.jenkins.plugins' artifactId='checks-api' version='1.8.1' url='https://github.com/jenkinsci/checks-api-plugin'><l:description>Defines an API for Jenkins to publish checks to SCM platforms.</l:description><l:license name='MIT License' url='https://opensource.org/licenses/MIT'/></l:dependency><l:dependency name='commons-text API Plugin' groupId='io.jenkins.plugins' artifactId='commons-text-api' version='1.10.0-27.vb_fa_3896786a_7' url='https://github.com/jenkinsci/commons-text-api-plugin'><l:description>Jenkins Api Plugin to provide org.apache.commons:commons-text:1.10.0.</l:description><l:license name='Apache-2.0' url='https://opensource.org/licenses/Apache-2.0'/></l:dependency><l:dependency name='Keen API in Java' groupId='io.keen' artifactId='keen-client-api-java' version='5.6.0' url='www.keen.io'><l:description>Java Client API for Keen</l:description><l:license name='The Apache Software License, Version 2.0' url='http://www.apache.org/licenses/LICENSE-2.0.txt'/></l:dependency><l:dependency name='ASM based accessors helper used by json-smart' groupId='net.minidev' artifactId='accessors-smart' version='2.4.7' url='https://urielch.github.io/'><l:description>Java reflect give poor performance on getter setter an constructor calls, accessors-smart use ASM to speed up those calls.</l:description><l:license name='The Apache Software License, Version 2.0' url='http://www.apache.org/licenses/LICENSE-2.0.txt'/></l:dependency><l:dependency name='Eclipse Collections API' groupId='org.eclipse.collections' artifactId='eclipse-collections-api' version='9.2.0' url='https://github.com/eclipse/eclipse-collections/eclipse-collections-api'><l:description>Eclipse Collections is a collections framework for Java. It has JDK-compatible List, Set and Map
        implementations with a rich API and set of utility classes that work with any JDK compatible Collections,
        Arrays, Maps or Strings. The iteration protocol was inspired by the Smalltalk collection framework.</l:description><l:license name='Eclipse Public License - v 1.0' url='https://www.eclipse.org/legal/epl-v10.html'/><l:license name='Eclipse Distribution License - v 1.0' url='https://www.eclipse.org/licenses/edl-v10.html'/></l:dependency><l:dependency name='Plugin Utilities API Plugin' groupId='io.jenkins.plugins' artifactId='plugin-util-api' version='2.20.0' url='https://github.com/jenkinsci/plugin-util-api-plugin'><l:description>Provides several utility classes that can be used to accelerate plugin development.</l:description><l:license name='MIT license' url=''/></l:dependency><l:dependency name='Apache Commons Text' groupId='org.apache.commons' artifactId='commons-text' version='1.10.0' url='https://commons.apache.org/proper/commons-text'><l:description>Apache Commons Text is a library focused on algorithms working on strings.</l:description><l:license name='Apache License, Version 2.0' url='https://www.apache.org/licenses/LICENSE-2.0.txt'/></l:dependency><l:dependency name='commons-lang3 v3.x Jenkins API Plugin' groupId='io.jenkins.plugins' artifactId='commons-lang3-api' version='3.12.0-36.vd97de6465d5b_' url='https://github.com/jenkinsci/commons-lang3-api-plugin'><l:description>The Jenkins Plugins Parent POM Project</l:description><l:license name='Apache-2.0' url='https://opensource.org/licenses/Apache-2.0'/></l:dependency><l:dependency name='JQuery3 API Plugin' groupId='io.jenkins.plugins' artifactId='jquery3-api' version='3.6.1-2' url='https://github.com/jenkinsci/jquery3-api-plugin'><l:description>Provides jQuery 3.x for Jenkins plugins.</l:description><l:license name='MIT license' url=''/></l:dependency><l:dependency name='Font Awesome API Plugin' groupId='io.jenkins.plugins' artifactId='font-awesome-api' version='6.2.1-1' url='https://github.com/jenkinsci/font-awesome-api-plugin'><l:description>Provides the free fonts of Font Awesome for Jenkins plugins.</l:description><l:license name='MIT license' url=''/></l:dependency><l:dependency name='Bootstrap 5 API Plugin' groupId='io.jenkins.plugins' artifactId='bootstrap5-api' version='5.2.0-1' url='https://github.com/jenkinsci/bootstrap5-api-plugin'><l:description>Provides Bootstrap 5 for Jenkins plugins.</l:description><l:license name='MIT license' url=''/></l:dependency><l:dependency name='Joda-Time' groupId='joda-time' artifactId='joda-time' version='2.10.5' url='https://www.joda.org/joda-time/'><l:description>Date and time library to replace JDK date handling</l:description><l:license name='Apache License, Version 2.0' url='https://www.apache.org/licenses/LICENSE-2.0.txt'/></l:dependency><l:dependency name='Apache Commons Collections' groupId='org.apache.commons' artifactId='commons-collections4' version='4.1' url='http://commons.apache.org/proper/commons-collections/'><l:description>The Apache Commons Collections package contains types that extend and augment the Java Collections Framework.</l:description><l:license name='Apache License, Version 2.0' url='http://www.apache.org/licenses/LICENSE-2.0.txt'/></l:dependency><l:dependency name='JSON Small and Fast Parser' groupId='net.minidev' artifactId='json-smart' version='2.4.7' url='https://urielch.github.io/'><l:description>JSON (JavaScript Object Notation) is a lightweight data-interchange format. It is easy for humans to read and write. It is easy for machines to parse and generate. It is based on a subset of the JavaScript Programming Language, Standard ECMA-262 3rd Edition - December 1999. JSON is a text format that is completely language independent but uses conventions that are familiar to programmers of the C-family of languages, including C, C++, C#, Java, JavaScript, Perl, Python, and many others. These properties make JSON an ideal data-interchange language.</l:description><l:license name='The Apache Software License, Version 2.0' url='http://www.apache.org/licenses/LICENSE-2.0.txt'/></l:dependency><l:dependency name='JOpt Simple' groupId='net.sf.jopt-simple' artifactId='jopt-simple' version='5.0.4' url='http://jopt-simple.github.io/jopt-simple'><l:description>A Java library for parsing command line options</l:description><l:license name='The MIT License' url='http://www.opensource.org/licenses/mit-license.php'/></l:dependency><l:dependency name='Jakarta Activation' groupId='com.sun.activation' artifactId='jakarta.activation' version='2.0.1' url='https://github.com/eclipse-ee4j/jaf/jakarta.activation'><l:description>Jakarta Activation</l:description><l:license name='EDL 1.0' url='http://www.eclipse.org/org/documents/edl-v10.php'/></l:dependency><l:dependency name='JUnit Plugin' groupId='org.jenkins-ci.plugins' artifactId='junit' version='1166.va_436e268e972' url='https://github.com/jenkinsci/junit-plugin'><l:description>Allows JUnit-format test results to be published.</l:description><l:license name='MIT' url='https://opensource.org/licenses/MIT'/></l:dependency><l:dependency name='oro' groupId='oro' artifactId='oro' version='2.0.8' url=''><l:description/></l:dependency><l:dependency name='Keen Java Core Library' groupId='io.keen' artifactId='keen-client-java-core' version='5.6.0' url='www.keen.io'><l:description>Java Client Core Library for Keen</l:description><l:license name='The Apache Software License, Version 2.0' url='http://www.apache.org/licenses/LICENSE-2.0.txt'/></l:dependency><l:dependency name='jose4j' groupId='org.bitbucket.b_c' artifactId='jose4j' version='0.7.7' url='https://bitbucket.org/b_c/jose4j/'><l:description>The jose.4.j library is a robust and easy to use open source implementation of JSON Web Token (JWT) and the JOSE specification suite (JWS, JWE, and JWK).
     It is written in Java and relies solely on the JCA APIs for cryptography.
     Please see https://bitbucket.org/b_c/jose4j/wiki/Home for more info, examples, etc..</l:description><l:license name='The Apache Software License, Version 2.0' url='http://www.apache.org/licenses/LICENSE-2.0.txt'/></l:dependency><l:dependency name='ECharts API Plugin' groupId='io.jenkins.plugins' artifactId='echarts-api' version='5.4.0-1' url='https://github.com/jenkinsci/echarts-api-plugin'><l:description>Provides ECharts for Jenkins plugins.</l:description><l:license name='MIT license' url=''/></l:dependency><l:dependency name='Jakarta Activation API' groupId='io.jenkins.plugins' artifactId='jakarta-activation-api' version='2.0.1-2' url='https://github.com/jenkinsci/jakarta-activation-api-plugin'><l:description>Plugin providing the Jakarta Activation API for other plugins</l:description><l:license name='BSD-3-Clause' url='https://opensource.org/licenses/BSD-3-Clause'/></l:dependency><l:dependency name='Popper.js 2 API Plugin' groupId='io.jenkins.plugins' artifactId='popper2-api' version='2.11.6-2' url='https://github.com/jenkinsci/popper2-api-plugin'><l:description>Provides Popper.js 2.x for Jenkins plugins.</l:description><l:license name='MIT license' url=''/></l:dependency><l:dependency name='bouncycastle API Plugin' groupId='org.jenkins-ci.plugins' artifactId='bouncycastle-api' version='2.26' url='https://github.com/jenkinsci/bouncycastle-api-plugin'><l:description>This plugin provides an stable API to Bouncy Castle related tasks.</l:description><l:license name='The MIT license' url='https://www.opensource.org/licenses/mit-license.php'/></l:dependency><l:dependency name='Folders Plugin' groupId='org.jenkins-ci.plugins' artifactId='cloudbees-folder' version='6.758.vfd75d09eea_a_1' url='https://github.com/jenkinsci/cloudbees-folder-plugin/'><l:description>This plugin allows users to create "folders" to organize jobs. Users can define custom taxonomies (like
    by project type, organization type etc). Folders are nestable and you can define views within folders. Maintained by CloudBees, Inc.</l:description><l:license name='MIT' url='https://opensource.org/licenses/MIT'/></l:dependency><l:dependency name='Web for Blue Ocean' groupId='io.jenkins.blueocean' artifactId='blueocean-web' version='1.27.1' url='https://github.com/jenkinsci/blueocean-plugin/blob/master/blueocean/doc/BlueOcean.adoc'><l:description>The Jenkins Plugins Parent POM Project</l:description><l:license name='MIT License' url='https://opensource.org/licenses/MIT'/></l:dependency><l:dependency name='project &apos;:json-path&apos;' groupId='com.jayway.jsonpath' artifactId='json-path' version='2.7.0' url='https://github.com/jayway/JsonPath'><l:description>Java port of Stefan Goessner JsonPath.</l:description><l:license name='The Apache Software License, Version 2.0' url='http://www.apache.org/licenses/LICENSE-2.0.txt'/></l:dependency><l:dependency name='Bouncy Castle PKIX, CMS, EAC, TSP, PKCS, OCSP, CMP, and CRMF APIs' groupId='org.bouncycastle' artifactId='bcpkix-jdk15on' version='1.70' url='https://www.bouncycastle.org/java.html'><l:description>The Bouncy Castle Java APIs for CMS, PKCS, EAC, TSP, CMP, CRMF, OCSP, and certificate generation. This jar contains APIs for JDK 1.5 and up. The APIs can be used in conjunction with a JCE/JCA provider such as the one provided with the Bouncy Castle Cryptography APIs.</l:description><l:license name='Bouncy Castle Licence' url='https://www.bouncycastle.org/licence.html'/></l:dependency><l:dependency name='User Agent Parser for Java' groupId='com.github.ua-parser' artifactId='uap-java' version='1.5.2' url='https://github.com/ua-parser/uap-java'><l:description>Java implementation of the UA Parser library. Derives operating system, browser and device
  	metadata from a user-agent string. This library consumes the regular expression
  	rules defined in https://github.com/ua-parser/uap-core.</l:description><l:license name='The Apache License, Version 2.0' url='http://www.apache.org/licenses/LICENSE-2.0.txt'/></l:dependency><l:dependency name='Eclipse Collections Main Library' groupId='org.eclipse.collections' artifactId='eclipse-collections' version='9.2.0' url='https://github.com/eclipse/eclipse-collections/eclipse-collections'><l:description>Eclipse Collections is a collections framework for Java. It has JDK-compatible List, Set and Map
        implementations with a rich API and set of utility classes that work with any JDK compatible Collections,
        Arrays, Maps or Strings. The iteration protocol was inspired by the Smalltalk collection framework.</l:description><l:license name='Eclipse Public License - v 1.0' url='https://www.eclipse.org/legal/epl-v10.html'/><l:license name='Eclipse Distribution License - v 1.0' url='https://www.eclipse.org/licenses/edl-v10.html'/></l:dependency><l:dependency name='REST API for Blue Ocean' groupId='io.jenkins.blueocean' artifactId='blueocean-rest' version='1.27.1' url='https://github.com/jenkinsci/blueocean-plugin/blob/master/blueocean/doc/BlueOcean.adoc'><l:description>The Jenkins Plugins Parent POM Project</l:description><l:license name='MIT License' url='https://opensource.org/licenses/MIT'/></l:dependency><l:dependency name='Favorite' groupId='org.jvnet.hudson.plugins' artifactId='favorite' version='2.3.1' url='http://wiki.jenkins-ci.org/display/JENKINS/Favorite+Plugin'><l:description>The Jenkins Plugins Parent POM Project</l:description></l:dependency><l:dependency name='Variant Plugin' groupId='org.jenkins-ci.plugins' artifactId='variant' version='59.vf075fe829ccb' url='https://github.com/jenkinsci/variant-plugin'><l:description>This user-invisible library plugin allows other multi-modal plugins to behave differently depending on where they run.</l:description><l:license name='MIT License' url='http://opensource.org/licenses/MIT'/></l:dependency><l:dependency name='JWT for Blue Ocean' groupId='io.jenkins.blueocean' artifactId='blueocean-jwt' version='1.27.1' url='https://github.com/jenkinsci/blueocean-plugin/blob/master/blueocean/doc/BlueOcean.adoc'><l:description>The Jenkins Plugins Parent POM Project</l:description><l:license name='MIT License' url='https://opensource.org/licenses/MIT'/></l:dependency><l:dependency name='Jenkins Mailer Plugin' groupId='org.jenkins-ci.plugins' artifactId='mailer' version='438.v02c7f0a_12fa_4' url='https://github.com/jenkinsci/mailer-plugin'><l:description>The Jenkins Plugins Parent POM Project</l:description><l:license name='The MIT license' url='https://opensource.org/licenses/MIT'/></l:dependency><l:dependency name='Jenkins Design Language' groupId='io.jenkins.blueocean' artifactId='jenkins-design-language' version='1.27.1' url='https://github.com/jenkinsci/blueocean-plugin/blob/master/jenkins-design-language/README.md'><l:description>The Jenkins Plugins Parent POM Project</l:description><l:license name='MIT License' url='https://opensource.org/licenses/MIT'/></l:dependency><l:dependency name='BlueOcean Capability Annotation' groupId='io.jenkins.blueocean.rest.annotation' artifactId='capability-annotation' version='1.2' url=''><l:description/><l:license name='MIT License' url='http://jenkins-ci.org/mit-license'/></l:dependency><l:dependency name='Jakarta Mail API' groupId='com.sun.mail' artifactId='jakarta.mail' version='2.0.1' url='http://eclipse-ee4j.github.io/mail/jakarta.mail'><l:description>Jakarta Mail API</l:description><l:license name='EPL 2.0' url='http://www.eclipse.org/legal/epl-2.0'/><l:license name='GPL2 w/ CPE' url='https://www.gnu.org/software/classpath/license.html'/><l:license name='EDL 1.0' url='http://www.eclipse.org/org/documents/edl-v10.php'/></l:dependency><l:dependency name='Jakarta Mail API' groupId='io.jenkins.plugins' artifactId='jakarta-mail-api' version='2.0.1-2' url='https://github.com/jenkinsci/jakarta-mail-api-plugin'><l:description>Plugin providing the Jakarta Mail API for other plugins</l:description><l:license name='EPL-2.0' url='https://opensource.org/licenses/EPL-2.0'/></l:dependency><l:dependency name='Token Macro Plugin' groupId='org.jenkins-ci.plugins' artifactId='token-macro' version='321.vd7cc1f2a_52c8' url='https://github.com/jenkinsci/token-macro-plugin'><l:description>This plugin adds reusable macro expansion capability for other plugins to use.</l:description><l:license name='The MIT License (MIT)' url='https://opensource.org/licenses/MIT'/></l:dependency><l:dependency name='Instance Identity' groupId='org.jenkins-ci.modules' artifactId='instance-identity' version='116.vf8f487400980' url='https://github.com/jenkinsci/instance-identity-plugin'><l:description>The Jenkins Plugins Parent POM Project</l:description><l:license name='MIT License' url='https://opensource.org/licenses/MIT'/></l:dependency><l:dependency name='Bouncy Castle ASN.1 Extension and Utility APIs' groupId='org.bouncycastle' artifactId='bcutil-jdk15on' version='1.70' url='https://www.bouncycastle.org/java.html'><l:description>The Bouncy Castle Java APIs for ASN.1 extension and utility APIs used to support bcpkix and bctls. This jar contains APIs for JDK 1.5 and up.</l:description><l:license name='Bouncy Castle Licence' url='https://www.bouncycastle.org/licence.html'/></l:dependency></l:dependencies>