<?xml version='1.0' encoding='UTF-8'?>
<l:dependencies xmlns:l='licenses' groupId='io.jenkins.plugins' artifactId='javax-mail-api' version='1.6.2-8'><l:dependency name='JavaMail API' groupId='io.jenkins.plugins' artifactId='javax-mail-api' version='1.6.2-8' url='https://github.com/jenkinsci/javax-mail-api-plugin'><l:description>Plugin providing the JavaMail API for other plugins</l:description><l:license name='CDDL-1.1' url='https://spdx.org/licenses/CDDL-1.1.html'/></l:dependency><l:dependency name='JavaMail API' groupId='com.sun.mail' artifactId='javax.mail' version='1.6.2' url='http://javaee.github.io/javamail/javax.mail'><l:description>JavaMail API</l:description><l:license name='CDDL/GPLv2+CE' url='https://javaee.github.io/javamail/LICENSE'/></l:dependency></l:dependencies>