<?xml version='1.0' encoding='UTF-8'?>
<l:dependencies xmlns:l='licenses' groupId='org.jenkins-ci.plugins' artifactId='git' version='5.0.0'><l:dependency name='Git plugin' groupId='org.jenkins-ci.plugins' artifactId='git' version='5.0.0' url='https://github.com/jenkinsci/git-plugin'><l:description>Integrates Jenkins with Git SCM</l:description><l:license name='The MIT License (MIT)' url='https://opensource.org/licenses/MIT'/></l:dependency><l:dependency name='Apache Commons Lang' groupId='org.apache.commons' artifactId='commons-lang3' version='3.12.0' url='https://commons.apache.org/proper/commons-lang/'><l:description>Apache Commons Lang, a package of Java utility classes for the
  classes that are in java.lang's hierarchy, or are considered to be so
  standard as to justify existence in java.lang.</l:description><l:license name='Apache License, Version 2.0' url='https://www.apache.org/licenses/LICENSE-2.0.txt'/></l:dependency><l:dependency name='commons-lang3 v3.x Jenkins API Plugin' groupId='io.jenkins.plugins' artifactId='commons-lang3-api' version='3.12.0-36.vd97de6465d5b_' url='https://github.com/jenkinsci/commons-lang3-api-plugin'><l:description>The Jenkins Plugins Parent POM Project</l:description><l:license name='Apache-2.0' url='https://opensource.org/licenses/Apache-2.0'/></l:dependency></l:dependencies>