<?xml version='1.0' encoding='UTF-8'?>
<l:dependencies xmlns:l='licenses' groupId='org.jenkins-ci.plugins' artifactId='handy-uri-templates-2-api' version='2.1.8-22.v77d5b_75e6953'><l:dependency name='Handy Uri Templates 2.x API Plugin' groupId='org.jenkins-ci.plugins' artifactId='handy-uri-templates-2-api' version='2.1.8-22.v77d5b_75e6953' url='https://github.com/jenkinsci/handy-uri-templates-2-api-plugin'><l:description>Bundles Handy Uri Templates 2.x and allows it to be used by Jenkins plugins</l:description><l:license name='MIT License' url='https://opensource.org/licenses/MIT'/></l:dependency><l:dependency name='Joda-Time' groupId='joda-time' artifactId='joda-time' version='2.10.2' url='https://www.joda.org/joda-time/'><l:description>Date and time library to replace JDK date handling</l:description><l:license name='Apache 2' url='https://www.apache.org/licenses/LICENSE-2.0.txt'/></l:dependency><l:dependency name='Handy URI Templates' groupId='com.damnhandy' artifactId='handy-uri-templates' version='2.1.8' url='https://github.com/damnhandy/Handy-URI-Templates'><l:description>Handy URI Templates is a RFC6570 compliant URI template processor. The library allows clients to
        utilize templatized URIs and inject replacement variables to expand the template into a URI. The library sports
        a fluent API, ability to plugin custom object renderers, and supports all levels of URI templates.</l:description><l:license name='The Apache Software License, Version 2.0' url='http://www.apache.org/licenses/LICENSE-2.0.txt'/></l:dependency></l:dependencies>