<?xml version='1.0' encoding='UTF-8'?>
<l:dependencies xmlns:l='licenses' groupId='org.jenkins-ci.plugins' artifactId='htmlpublisher' version='1.31'><l:dependency name='HTML Publisher plugin' groupId='org.jenkins-ci.plugins' artifactId='htmlpublisher' version='1.31' url='https://github.com/jenkinsci/htmlpublisher-plugin'><l:description>This plugin publishes HTML reports.</l:description><l:license name='The MIT License (MIT)' url='https://opensource.org/licenses/MIT'/></l:dependency><l:dependency name='Java Encoder' groupId='org.owasp.encoder' artifactId='encoder' version='1.2.3' url='https://www.owasp.org/index.php/OWASP_Java_Encoder_Project/encoder'><l:description>The OWASP Encoders package is a collection of high-performance low-overhead
        contextual encoders, that when utilized correctly, is an effective tool in
        preventing Web Application security vulnerabilities such as Cross-Site
        Scripting.</l:description><l:license name='The BSD 3-Clause License' url='http://www.opensource.org/licenses/BSD-3-Clause'/></l:dependency><l:dependency name='Pipeline: API' groupId='org.jenkins-ci.plugins.workflow' artifactId='workflow-api' version='1153.vb_912c0e47fb_a_' url='https://github.com/jenkinsci/workflow-api-plugin'><l:description>The Jenkins Plugins Parent POM Project</l:description><l:license name='MIT License' url='https://opensource.org/licenses/MIT'/></l:dependency><l:dependency name='SCM API Plugin' groupId='org.jenkins-ci.plugins' artifactId='scm-api' version='608.vfa_f971c5a_a_e9' url='https://github.com/jenkinsci/scm-api-plugin/blob/master/docs/consumer.adoc'><l:description>The Jenkins Plugins Parent POM Project</l:description><l:license name='The MIT license' url='https://opensource.org/licenses/MIT'/></l:dependency><l:dependency name='JBoss Marshalling API' groupId='org.jboss.marshalling' artifactId='jboss-marshalling' version='2.0.12.Final' url='http://www.jboss.org/jboss-marshalling-parent/jboss-marshalling'><l:description>JBoss Marshalling API</l:description><l:license name='Apache License 2.0' url='http://repository.jboss.org/licenses/apache-2.0.txt'/></l:dependency><l:dependency name='Pipeline: Supporting APIs' groupId='org.jenkins-ci.plugins.workflow' artifactId='workflow-support' version='813.vb_d7c3d2984a_0' url='https://github.com/jenkinsci/workflow-support-plugin'><l:description>The Jenkins Plugins Parent POM Project</l:description><l:license name='MIT License' url='https://opensource.org/licenses/MIT'/></l:dependency><l:dependency name='JBoss Marshalling River' groupId='org.jboss.marshalling' artifactId='jboss-marshalling-river' version='2.0.12.Final' url='http://www.jboss.org/jboss-marshalling-parent/jboss-marshalling-river'><l:description>JBoss Marshalling River Implementation</l:description><l:license name='Apache License 2.0' url='http://repository.jboss.org/licenses/apache-2.0.txt'/></l:dependency></l:dependencies>